,Millas_Por_Galon,Cilindros,Pais_Origen,Peso_En_Libras,Desplazamiento,Aceleracion,Nombre,Anyo,Caballo_De_Fuerza,Potencia especifica_log10,Sqrt(var1)*exp(var2)/200,"Si var 1 > var 2 â†’ 5, caso contrario 3",1/logn(var1/var2)*100,var2**2/var1
0,18.0,8,USA,3504,307.0,12.0,chevrolet chevelle malibu,1/01/1970,130.0,-1.4306207451892063,9278.45,3,-30.357065865545955,4.823059360730594
1,15.0,8,USA,3693,350.0,11.5,buick skylark 320,1/01/1970,165.0,-1.3498953634370725,6340.14,3,-32.17245526330731,7.372055239642567
2,18.0,8,USA,3436,318.0,11.0,plymouth satellite,1/01/1970,150.0,-1.3599618961035234,3666.53,3,-31.934312508869905,6.548311990686845
3,16.0,8,USA,3433,304.0,12.0,amc rebel sst,1/01/1970,150.0,-1.3595825443700689,9966.65,3,-31.943222844514533,6.554034372269152
4,17.0,8,USA,3449,302.0,10.5,ford torino,1/01/1970,140.0,-1.3915651586891526,2148.45,3,-31.20906550379251,5.682806610611771
5,15.0,8,USA,4341,429.0,10.0,ford galaxie 500,1/01/1970,198.0,-1.340924595577169,1549.7,3,-32.38768856471905,9.031098825155494
6,14.0,8,USA,4354,454.0,9.0,chevrolet impala,1/01/1970,220.0,-1.2964657438828693,600.94,3,-33.498338382821835,11.116214974735875
7,14.0,8,USA,4312,440.0,8.5,plymouth fury iii,1/01/1970,215.0,-1.302240292263077,360.32,3,-33.34979607707578,10.72008348794063
8,14.0,8,USA,4425,455.0,10.0,pontiac catalina,1/01/1970,225.0,-1.2937307569224816,1651.98,3,-33.569154909507496,11.440677966101696
9,15.0,8,USA,3850,390.0,8.5,amc ambassador dpl,1/01/1970,190.0,-1.3067071285556717,338.73,3,-33.23579342398521,9.376623376623376
10,15.0,8,USA,3563,383.0,10.0,dodge challenger se,1/01/1970,170.0,-1.3213669009727416,1435.95,3,-32.86706225072992,8.11114229581813
11,14.0,8,USA,3609,340.0,8.0,plymouth 'cuda 340,1/01/1970,160.0,-1.3532668994035824,188.53,3,-32.092300646284635,7.093377666943752
12,15.0,8,USA,3761,400.0,9.5,chevrolet monte carlo,1/01/1970,150.0,-1.399212074366718,818.11,3,-31.03850301605016,5.982451475671364
13,14.0,8,USA,3086,455.0,10.0,buick estate wagon (sw),1/01/1970,225.0,-1.137213403615767,1651.98,3,-38.18935659062879,16.404731043421904
14,24.0,4,Japan,2372,113.0,15.0,toyota corona mark ii,1/01/1970,95.0,-1.3973910794033773,159312.2,3,-31.078950503153052,3.8048060708263067
15,22.0,6,USA,2833,198.0,15.5,plymouth duster,1/01/1970,95.0,-1.4745229692315893,262661.41,3,-29.453219174305133,3.185668902223791
16,18.0,6,USA,2774,199.0,15.5,amc hornet,1/01/1970,97.0,-1.4563347224710212,265411.87,3,-29.821062095283086,3.3918529199711607
17,21.0,6,USA,2587,200.0,16.0,ford maverick,1/01/1970,85.0,-1.4833775030022507,409629.45,3,-29.277407876570233,2.7928102048705066
18,27.0,4,Japan,2130,97.0,14.5,datsun pl510,1/01/1970,88.0,-1.3838969312885692,92999.65,3,-31.381996164907534,3.635680751173709
19,27.0,4,Japan,2130,97.0,14.5,datsun pl510,1/01/1970,88.0,-1.3838969312885692,92999.65,3,-31.381996164907534,3.635680751173709
20,27.0,4,Japan,2130,97.0,14.5,datsun pl510,1/01/1971,88.0,-1.3838969312885692,92999.65,3,-31.381996164907534,3.635680751173709
21,27.0,4,Japan,2130,97.0,14.5,datsun pl510,1/01/1971,88.0,-1.3838969312885692,92999.65,3,-31.381996164907534,3.635680751173709
22,26.0,4,Europe,1835,97.0,20.5,volkswagen 1131 deluxe sedan,1/01/1970,46.0,-1.6008782369065342,27126002.61,3,-27.12851432988827,1.153133514986376
23,25.0,4,Europe,2672,110.0,17.5,peugeot 504,1/01/1970,87.0,-1.4873172011848896,1857304.3,3,-29.199856060110502,2.832709580838323
24,24.0,4,Europe,2430,107.0,14.5,audi 100 ls,1/01/1970,90.0,-1.4313637641589874,94050.53,3,-30.341307554227914,3.3333333333333335
25,25.0,4,Europe,2375,104.0,17.5,saab 99e,1/01/1970,95.0,-1.3979400086720375,1940819.92,3,-31.066746727980593,3.8
26,26.0,4,Europe,2234,121.0,12.5,bmw 2002,1/01/1970,113.0,-1.2960047252961706,14262.32,3,-33.51025450960484,5.715756490599821
27,21.0,6,USA,2648,199.0,15.0,amc gremlin,1/01/1970,90.0,-1.4686754713283374,155063.11,3,-29.570486494913407,3.0589123867069485
28,10.0,8,USA,4615,360.0,14.0,ford f250,1/01/1970,215.0,-1.3317332454463255,88168.2,3,-32.61122175843103,10.016251354279524
29,10.0,8,USA,4376,307.0,15.0,chevy c20,1/01/1970,200.0,-1.3400473176613932,231154.44,3,-32.40889155027513,9.140767824497258
30,11.0,8,USA,4382,318.0,13.5,dodge d200,1/01/1970,210.0,-1.3194530784907672,52851.24,3,-32.91473482331117,10.063897763578275
31,9.0,8,USA,4732,304.0,18.5,hi 1200d,1/01/1970,193.0,-1.389487426948119,7519631.77,3,-31.255733120028275,7.871724429416737
32,28.0,4,USA,2264,140.0,15.5,chevrolet vega 2300,1/01/1971,90.0,-1.400633913076909,255655.85,3,-31.00699460783402,3.57773851590106
33,25.0,4,Japan,2228,113.0,14.0,toyota corona,1/01/1971,95.0,-1.3701915812128436,58607.68,3,-31.695894782744922,4.050718132854578
34,19.0,6,USA,2634,232.0,13.0,amc gremlin,1/01/1971,100.0,-1.420615770625765,22120.67,3,-30.57086165613592,3.7965072133637054
35,16.0,6,USA,3439,225.0,15.5,plymouth satellite custom,1/01/1971,105.0,-1.5152428767520754,276139.87,3,-28.661707543160503,3.205873800523408
36,17.0,6,USA,3329,250.0,15.5,chevrolet chevelle malibu,1/01/1971,100.0,-1.5223137951566674,269484.92,3,-28.5285782264462,3.0039050765995796
37,19.0,6,USA,3302,250.0,15.5,ford torino 500,1/01/1971,88.0,-1.5742943967766063,252799.27,3,-27.58661167774445,2.345245305875227
38,18.0,6,USA,3288,232.0,15.5,amc matador,1/01/1971,100.0,-1.5169318088680128,269484.92,3,-28.62979597133885,3.0413625304136254
39,14.0,8,USA,4209,350.0,12.0,chevrolet impala,1/01/1971,165.0,-1.406694981534116,10453.12,3,-30.873393849007563,6.468282252316465
40,14.0,8,USA,4464,400.0,11.5,pontiac catalina brougham,1/01/1971,175.0,-1.4066861372432278,6529.43,3,-30.873587960023997,6.860439068100359
41,14.0,8,USA,4154,351.0,13.5,ford galaxie 500,1/01/1971,153.0,-1.4337750613814815,45111.91,3,-30.29028008652886,5.635291285507944
42,14.0,8,USA,4096,318.0,13.0,plymouth fury iii,1/01/1971,150.0,-1.436268688912093,27092.18,3,-30.237690569736625,5.4931640625
43,12.0,8,USA,4955,383.0,11.5,dodge monaco (sw),1/01/1971,180.0,-1.439771153717988,6622.06,3,-30.164132736077743,6.538849646821393
44,13.0,8,USA,4746,400.0,12.0,ford country squire (sw),1/01/1971,170.0,-1.4458788125030464,10610.31,3,-30.03671387586204,6.089338390223346
45,13.0,8,USA,5140,400.0,12.0,pontiac safari (sw),1/01/1971,175.0,-1.4679250703089812,10765.22,3,-29.585602881749125,5.958171206225681
46,18.0,6,USA,2962,258.0,13.5,amc hornet sportabout (sw),1/01/1971,110.0,-1.4301923690269647,38250.92,3,-30.366158518851925,4.085077650236327
47,22.0,4,USA,2408,140.0,19.0,chevrolet vega (sw),1/01/1971,72.0,-1.5243239861545184,7572362.72,3,-28.49095637462652,2.1528239202657806
48,19.0,6,USA,3282,250.0,15.0,pontiac firebird,1/01/1971,100.0,-1.5161385767170743,163450.87,3,-28.644774862442883,3.0469226081657528
49,18.0,6,USA,3139,250.0,14.5,ford mustang,1/01/1971,88.0,-1.5523086435498739,92999.65,3,-27.97732807246966,2.467027715833068
50,23.0,4,USA,2220,122.0,14.0,mercury capri 2000,1/01/1971,86.0,-1.411854523207071,55762.47,3,-30.760568795483163,3.3315315315315317
51,28.0,4,Europe,2123,116.0,14.0,opel 1900,1/01/1971,90.0,-1.372707484726674,57044.53,3,-31.637802425891643,3.8153556288271315
52,30.0,4,Europe,2074,79.0,19.5,peugeot 304,1/01/1971,70.0,-1.4717107120387654,12310095.48,3,-29.509500634239615,2.3625843780135005
53,30.0,4,Europe,2065,88.0,14.5,fiat 124b,1/01/1971,76.0,-1.4341064637116285,86426.47,3,-30.283280418334417,2.797094430992736
54,31.0,4,Japan,1773,71.0,19.0,toyota corolla 1200,1/01/1971,65.0,-1.4357953789580622,7194851.57,3,-30.247658424587883,2.382966723068246
55,35.0,4,Japan,1613,72.0,18.0,datsun 1200,1/01/1971,69.0,-1.3687852766517061,2727063.33,3,-31.728459482382355,2.9516429014259145
56,27.0,4,Europe,1834,97.0,19.0,volkswagen model 111,1/01/1971,60.0,-1.4852480809503585,6912589.79,3,-29.240534795060086,1.9629225736095965
57,26.0,4,USA,1955,91.0,20.5,plymouth cricket,1/01/1971,70.0,-1.4460487217176288,33462308.85,3,-30.03318459335127,2.506393861892583
58,24.0,4,Japan,2278,113.0,15.5,toyota corona hardtop,1/01/1972,95.0,-1.3798301144542338,262661.41,3,-31.474489312405606,3.96180860403863
59,25.0,4,USA,2126,97.5,17.0,dodge colt hardtop,1/01/1972,80.0,-1.4244732731953345,1080242.33,3,-30.48807514156134,3.0103480714957667
60,23.0,4,Europe,2254,97.0,23.5,volkswagen type 3,1/01/1972,54.0,-1.620560151887119,590319608.04,3,-26.799034975500426,1.2937000887311447
61,20.0,4,USA,2408,140.0,19.5,chevrolet vega,1/01/1972,90.0,-1.4274139731464621,13958336.25,3,-30.425264854731132,3.3637873754152823
62,21.0,4,USA,2226,122.0,16.5,ford pinto runabout,1/01/1972,86.0,-1.4130267087551218,679325.91,3,-30.735051164451505,3.3225516621743036
63,13.0,8,USA,4274,350.0,12.0,chevrolet impala,1/01/1972,165.0,-1.4133505736141443,10453.12,3,-30.72800832370254,6.369911090313524
64,14.0,8,USA,4385,400.0,12.0,pontiac catalina,1/01/1972,175.0,-1.398931549015765,10765.22,3,-31.044727113975302,6.984036488027366
65,15.0,8,USA,4135,318.0,13.5,plymouth fury iii,1/01/1972,150.0,-1.4403842548328842,44667.45,3,-30.151293340375997,5.4413542926239415
66,14.0,8,USA,4129,351.0,13.0,ford galaxie 500,1/01/1972,153.0,-1.4311534520571034,27361.76,3,-30.345766296340067,5.669411479777186
67,17.0,8,USA,3672,304.0,11.5,amc ambassador sst,1/01/1972,150.0,-1.3888114134735237,6045.08,3,-31.270947062355148,6.127450980392157
68,11.0,8,USA,4633,429.0,11.0,mercury marquis,1/01/1972,208.0,-1.3477989652403937,4317.59,3,-32.222497056583734,9.338225771638248
69,13.0,8,USA,4502,350.0,13.5,buick lesabre custom,1/01/1972,155.0,-1.4630737924942097,45405.8,3,-29.68370318238549,5.336517103509551
70,12.0,8,USA,4456,350.0,13.5,oldsmobile delta 88 royale,1/01/1972,160.0,-1.4448251995097476,46132.34,3,-30.05861761343967,5.745062836624776
71,13.0,8,USA,4422,400.0,12.5,chrysler newport royal,1/01/1972,190.0,-1.3668651372898661,18493.87,3,-31.773030861284784,8.16372682044324
72,19.0,3,Japan,2330,70.0,13.5,mazda rx2 coupe,1/01/1972,97.0,-1.3805841867597741,35919.59,3,-31.45729800965918,4.0381974248927035
73,15.0,8,USA,3892,304.0,12.5,amc matador (sw),1/01/1972,150.0,-1.414081572540633,16432.24,3,-30.712123708886857,5.781089414182939
74,13.0,8,USA,4098,307.0,14.0,chevrolet chevelle concours (sw),1/01/1972,130.0,-1.4986286017583395,68558.99,3,-28.979460380890544,4.123962908735969
75,13.0,8,USA,4294,302.0,16.0,ford gran torino (sw),1/01/1972,140.0,-1.4867340044219919,525709.39,3,-29.21131020152428,4.56450861667443
76,14.0,8,USA,4077,318.0,14.0,plymouth satellite custom (sw),1/01/1972,150.0,-1.4342494523964755,73644.17,3,-30.280261301658,5.518763796909492
77,18.0,4,Europe,2933,121.0,14.5,volvo 145e (sw),1/01/1972,112.0,-1.4180940403103706,104917.76,3,-30.62522438978731,4.276849642004773
78,22.0,4,Europe,2511,121.0,18.0,volkswagen 411 (sw),1/01/1972,76.0,-1.519033120432131,2862051.7,3,-28.59019175169168,2.300278773397053
79,21.0,4,Europe,2979,120.0,19.5,peugeot 504 (sw),1/01/1972,87.0,-1.5345512505964252,13723725.66,3,-28.3010737982493,2.540785498489426
80,26.0,4,Europe,2189,96.0,18.0,renault 12 (sw),1/01/1972,69.0,-1.5013966708306765,2727063.33,3,-28.926032030094355,2.174965737779808
81,22.0,4,USA,2395,122.0,16.0,ford pinto (sw),1/01/1972,86.0,-1.4448070665070143,412031.99,3,-30.05899486311402,3.0881002087682674
82,28.0,4,Japan,2288,97.0,17.0,datsun 510 (sw),1/01/1972,92.0,-1.3956681927754313,1158430.84,3,-31.117316003283857,3.699300699300699
83,23.0,4,Japan,2506,120.0,14.5,toyouta corona mark ii (sw),1/01/1972,97.0,-1.4122093323918863,97639.57,3,-30.75284038575774,3.754588986432562
84,28.0,4,USA,2164,98.0,15.0,dodge colt (sw),1/01/1972,80.0,-1.4321672694425882,146194.9,3,-30.324284821303237,2.957486136783734
85,27.0,4,Japan,2100,97.0,16.5,toyota corolla 1600 (sw),1/01/1972,88.0,-1.3777366225837506,687179.65,3,-31.522315280317788,3.6876190476190476
86,13.0,8,USA,4100,350.0,13.0,buick century 350,1/01/1973,175.0,-1.369745808033441,29262.9,3,-31.706209966561104,7.469512195121951
87,14.0,8,USA,3672,304.0,11.5,amc matador,1/01/1973,150.0,-1.3888114134735237,6045.08,3,-31.270947062355148,6.127450980392157
88,13.0,8,USA,3988,350.0,13.0,chevrolet malibu,1/01/1973,145.0,-1.4393871474046431,26636.81,3,-30.17218006193313,5.2720661985957875
89,14.0,8,USA,4042,302.0,14.5,ford gran torino,1/01/1973,137.0,-1.4698757420228783,116038.01,3,-29.546339835880637,4.643493320138545
90,15.0,8,USA,3777,318.0,12.5,dodge coronet custom,1/01/1973,150.0,-1.401055725771844,16432.24,3,-30.99765940173424,5.957108816521049
91,12.0,8,USA,4952,429.0,11.5,mercury marquis brougham,1/01/1973,198.0,-1.3981154457505305,6945.27,3,-31.062848438107032,7.916801292407108
92,13.0,8,USA,4464,400.0,12.0,chevrolet caprice classic,1/01/1973,150.0,-1.473632926873841,9966.65,3,-29.471008280505945,5.040322580645161
93,13.0,8,USA,4363,351.0,13.0,ford ltd,1/01/1973,158.0,-1.4411281260323976,27805.25,3,-30.135730061623168,5.721751088700436
94,14.0,8,USA,4237,318.0,14.5,plymouth fury gran sedan,1/01/1973,150.0,-1.4509672049453084,121418.71,3,-29.931378216065312,5.31036110455511
95,13.0,8,USA,4735,440.0,11.0,chrysler new yorker brougham,1/01/1973,215.0,-1.3428815234236868,4389.64,3,-32.34049127401907,9.762407602956705
96,12.0,8,USA,4951,455.0,11.0,buick electra 225 custom,1/01/1973,225.0,-1.3425104082201216,4490.56,3,-32.34943127770848,10.225207028883053
97,13.0,8,USA,3821,360.0,11.0,amc ambassador brougham,1/01/1973,175.0,-1.3391389890021144,3960.3,3,-32.430874275931195,8.014917560847946
98,18.0,6,USA,3121,225.0,16.5,plymouth valiant,1/01/1973,105.0,-1.4731044695953945,750626.0,3,-29.481580625611432,3.5325216276834346
99,16.0,6,USA,3278,250.0,18.0,chevrolet nova custom,1/01/1973,100.0,-1.5156089492344802,3282998.46,3,-28.654784739995755,3.050640634533252
100,18.0,6,USA,2945,232.0,16.0,amc hornet,1/01/1973,100.0,-1.4690852991231205,444305.53,3,-29.56223727529484,3.395585738539898
101,18.0,6,USA,3021,250.0,16.5,ford maverick,1/01/1973,88.0,-1.535668053123112,687179.65,3,-28.280492064676377,2.5633896060906984
102,23.0,6,USA,2904,198.0,16.0,plymouth duster,1/01/1973,95.0,-1.4852730067392084,433055.46,3,-29.240044081640505,3.1077823691460056
103,26.0,4,Europe,1950,97.0,21.0,volkswagen super beetle,1/01/1973,46.0,-1.627276779680944,44723217.49,3,-26.688421252370038,1.0851282051282052
104,11.0,8,USA,4997,400.0,14.0,chevrolet impala,1/01/1973,150.0,-1.5226180903869055,73644.17,3,-28.52287678999632,4.502701620972584
105,12.0,8,USA,4906,400.0,12.5,ford country,1/01/1973,167.0,-1.4680110727227835,17338.41,3,-29.583869629657976,5.684671830411741
106,13.0,8,USA,4654,360.0,13.0,plymouth custom suburb,1/01/1973,170.0,-1.4373774575724372,28841.82,3,-30.2143657266425,6.209712075633863
107,12.0,8,USA,4499,350.0,12.5,oldsmobile vista cruiser,1/01/1973,180.0,-1.3978434880622608,18000.61,3,-31.06889187610595,7.201600355634586
108,18.0,6,USA,2789,232.0,15.0,amc gremlin,1/01/1973,100.0,-1.4454485142660498,163450.87,3,-30.045655560673634,3.5855145213338115
109,20.0,4,Japan,2279,97.0,19.0,toyota carina,1/01/1973,88.0,-1.413261653030207,8371561.97,3,-30.729941689995687,3.397981570864414
110,21.0,4,USA,2401,140.0,19.5,chevrolet vega,1/01/1973,72.0,-1.523059663625759,12484715.49,3,-28.514607291836548,2.159100374843815
111,22.0,4,Japan,2379,108.0,16.5,datsun 610,1/01/1973,94.0,-1.4032665884375675,710219.97,3,-30.94882223247446,3.71416561580496
112,18.0,3,Japan,2124,70.0,13.5,maxda rx3,1/01/1973,90.0,-1.3729120029701065,34599.26,3,-31.633089445187696,3.8135593220338984
113,19.0,4,USA,2310,122.0,18.5,ford pinto,1/01/1973,85.0,-1.4341930541778516,4990308.36,3,-30.281452042884865,3.1277056277056277
114,21.0,6,USA,2472,155.0,14.0,mercury capri v6,1/01/1973,107.0,-1.3636646887315687,62199.18,3,-31.847600476273737,4.631472491909385
115,26.0,4,Europe,2265,98.0,15.5,fiat 124 sport coupe,1/01/1973,90.0,-1.4008256969095259,255655.85,3,-31.002749511333484,3.576158940397351
116,15.0,8,USA,4082,350.0,13.0,chevrolet monte carlo s,1/01/1973,145.0,-1.4495049981450767,26636.81,3,-29.96157187860794,5.1506614404703575
117,16.0,8,USA,4278,400.0,9.5,pontiac grand prix,1/01/1973,230.0,-1.2695129442179163,1013.05,3,-34.20953554520857,12.365591397849462
118,29.0,4,Europe,1867,68.0,19.5,fiat 128,1/01/1973,49.0,-1.5809482379205646,10299364.81,3,-27.47050608528988,1.2860203535083021
119,24.0,4,Europe,2158,116.0,15.5,opel manta,1/01/1973,75.0,-1.4589901769551918,233380.79,3,-29.766785874432234,2.606580166821131
120,20.0,4,Europe,2582,114.0,14.0,audi 100ls,1/01/1973,91.0,-1.452914845609308,57360.57,3,-29.89125503230178,3.207203718048025
121,19.0,4,Europe,2868,121.0,15.5,volvo 144ea,1/01/1973,112.0,-1.408361124325581,285196.04,3,-30.836869493342594,4.373779637377964
122,15.0,8,USA,3399,318.0,11.0,dodge dart custom,1/01/1973,150.0,-1.3552599055273784,3666.53,3,-32.04510663467558,6.619593998234775
123,24.0,4,Europe,2660,121.0,14.0,saab 99le,1/01/1973,110.0,-1.383488951472842,63065.1,3,-31.39125046433572,4.548872180451128
124,20.0,6,Japan,2807,156.0,13.5,toyota mark ii,1/01/1973,122.0,-1.361882581959691,40283.34,3,-31.889275012117462,5.3024581403633775
125,11.0,8,USA,3664,350.0,11.0,oldsmobile omega,1/01/1973,180.0,-1.3086829598925067,4016.48,3,-33.18561448518624,8.842794759825328
126,20.0,6,USA,3102,198.0,16.5,plymouth duster,1/01/1974,95.0,-1.5139181881887385,713987.75,3,-28.686786729396825,2.9094132817537073
127,19.0,6,USA,2901,232.0,16.0,amc hornet,1/01/1974,100.0,-1.462547728802664,444305.53,3,-29.69438011153272,3.447087211306446
128,15.0,6,USA,3336,250.0,17.0,chevrolet nova,1/01/1974,100.0,-1.523226041965701,1207747.64,3,-28.511492709434062,2.997601918465228
129,31.0,4,Japan,1950,79.0,19.0,datsun b210,1/01/1974,67.0,-1.4639598086616916,7304702.98,3,-29.665738043742536,2.302051282051282
130,26.0,4,USA,2451,122.0,16.5,ford pinto,1/01/1974,80.0,-1.4862533242601343,655200.09,3,-29.220757647048234,2.6111791105671154
131,32.0,4,Japan,1836,71.0,21.0,toyota corolla 1200,1/01/1974,65.0,-1.450959320222368,53163161.87,3,-29.931540867506445,2.30119825708061
132,25.0,4,USA,2542,140.0,17.0,chevrolet vega,1/01/1974,75.0,-1.5301142828262893,1045940.14,3,-28.383140186173684,2.2128245476003148
133,16.0,6,USA,3781,250.0,17.0,chevrolet chevelle malibu classic,1/01/1974,100.0,-1.5776066773625357,1207747.64,3,-27.528691918907906,2.6448029621793174
134,16.0,6,USA,3632,258.0,18.0,amc matador,1/01/1974,110.0,-1.5187531546908224,3443237.83,3,-28.595462044762805,3.3314977973568283
135,18.0,6,USA,3613,225.0,16.5,plymouth satellite sebring,1/01/1974,105.0,-1.5366786624980842,750626.0,3,-28.26189316621641,3.0514807639081094
136,16.0,8,USA,4141,302.0,14.0,ford gran torino,1/01/1974,140.0,-1.47097719482414,71147.03,3,-29.524215836342254,4.733156242453513
137,13.0,8,USA,4699,350.0,14.5,buick century luxus (sw),1/01/1974,150.0,-1.4959141859672707,121418.71,3,-29.03204515187035,4.788252819748883
138,14.0,8,USA,4457,318.0,13.5,dodge coronet custom (sw),1/01/1974,150.0,-1.472951375030495,44667.45,3,-29.484644861019966,5.0482387256001795
139,14.0,8,USA,4638,302.0,16.0,ford gran torino (sw),1/01/1974,140.0,-1.5202027086237304,525709.39,3,-28.568195507060185,4.225959465286762
140,14.0,8,USA,4257,304.0,15.5,amc matador (sw),1/01/1974,150.0,-1.4530123911214552,330050.28,3,-29.889248333805142,5.2854122621564485
141,29.0,4,Europe,2219,98.0,16.5,audi fox,1/01/1974,83.0,-1.4270792098559344,667372.03,3,-30.432401993095702,3.1045515998197386
142,26.0,4,Europe,1963,79.0,15.5,volkswagen dasher,1/01/1974,67.0,-1.4668454968991798,220582.92,3,-29.607377383734235,2.2868059093224655
143,26.0,4,Europe,2300,97.0,14.5,opel manta,1/01/1974,78.0,-1.4696332333271125,87556.28,3,-29.551215368207867,2.6452173913043477
144,31.0,4,Japan,1649,76.0,16.5,toyota corona,1/01/1974,52.0,-1.5012173120097196,528239.2,3,-28.92948798477752,1.6397816858702243
145,32.0,4,Japan,2003,83.0,19.0,datsun 710,1/01/1974,61.0,-1.5163511142828092,6969956.67,3,-28.64075990135443,1.8577134298552171
146,28.0,4,USA,2125,90.0,14.5,dodge colt,1/01/1974,75.0,-1.4522976709946303,85855.99,3,-29.903957747575127,2.6470588235294117
147,24.0,4,Europe,2108,90.0,15.5,fiat 128,1/01/1974,75.0,-1.448809343148809,233380.79,3,-29.975958117399088,2.668406072106262
148,26.0,4,Europe,2246,116.0,14.0,fiat 124 tc,1/01/1974,75.0,-1.476348488533739,52074.29,3,-29.416799981593698,2.504452359750668
149,24.0,4,Japan,2489,120.0,15.0,honda civic,1/01/1974,97.0,-1.4092531623423483,160980.44,3,-30.817350175847903,3.78023302531137
150,26.0,4,Japan,2391,108.0,15.5,subaru,1/01/1974,93.0,-1.4100966275618396,259881.85,3,-30.79891642987465,3.617314930991217
151,31.0,4,Europe,2000,79.0,16.0,fiat x1.9,1/01/1974,67.0,-1.4749551929631548,363679.75,3,-29.444588145810936,2.2445
152,19.0,6,USA,3264,225.0,16.0,plymouth valiant custom,1/01/1975,95.0,-1.5360265447929757,433055.46,3,-28.273891709455167,2.765012254901961
153,18.0,6,USA,3459,250.0,16.0,chevrolet nova,1/01/1975,105.0,-1.5177612629444235,455277.69,3,-28.61414983412675,3.1873373807458805
154,15.0,6,USA,3432,250.0,21.0,mercury monarch,1/01/1975,72.0,-1.6782147827453993,55952612.94,3,-25.878361123287657,1.5104895104895104
155,15.0,6,USA,3158,250.0,19.5,ford maverick,1/01/1975,72.0,-1.642079629241007,12484715.49,3,-26.447833233519198,1.641545281823939
156,16.0,8,USA,4668,400.0,11.5,pontiac catalina,1/01/1975,170.0,-1.4386819259950587,6435.48,3,-30.186970035289335,6.191088260497001
157,15.0,8,USA,4440,350.0,14.0,chevrolet bel air,1/01/1975,145.0,-1.486014967879645,72406.37,3,-29.22544464830896,4.73536036036036
158,16.0,8,USA,4498,318.0,14.5,plymouth grand fury,1/01/1975,150.0,-1.476928192043932,121418.71,3,-29.405253704462663,5.002223210315696
159,14.0,8,USA,4657,351.0,13.5,ford ltd,1/01/1975,148.0,-1.497844522537774,44368.67,3,-28.99463030832023,4.703457161262615
160,17.0,6,USA,3907,231.0,21.0,buick century,1/01/1975,110.0,-1.5504507260665594,69159280.57,3,-28.010853528060327,3.097005374968006
161,16.0,6,USA,3897,250.0,18.5,chevroelt chevelle malibu,1/01/1975,105.0,-1.5695411067227523,5546417.65,3,-27.670156585453913,2.8290993071593533
162,15.0,6,USA,3730,258.0,19.0,amc matador,1/01/1975,110.0,-1.5303161466504627,9359690.82,3,-28.379396169466702,3.2439678284182305
163,18.0,6,USA,3785,225.0,19.0,plymouth fury,1/01/1975,95.0,-1.6003422785472439,8698151.41,3,-27.13759973257065,2.3844121532364597
164,21.0,6,USA,3039,231.0,15.0,buick skyhawk,1/01/1975,110.0,-1.4413380149217179,171428.72,3,-30.131341670526833,3.981572885817703
165,20.0,8,USA,3221,262.0,13.5,chevrolet monza 2+2,1/01/1975,110.0,-1.4665980396614664,38250.92,3,-29.612372999182497,3.7565973300217324
166,13.0,8,USA,3169,302.0,12.0,ford mustang ii,1/01/1975,129.0,-1.3903325288910515,9242.7,3,-31.23673458533342,5.251183338592616
167,29.0,4,Japan,2171,97.0,16.0,toyota corolla,1/01/1975,75.0,-1.46159856006272,384779.87,3,-29.713663776777082,2.590971902349148
168,23.0,4,USA,2639,140.0,17.0,ford pinto,1/01/1975,83.0,-1.5023612978439758,1100310.46,3,-28.907459379212153,2.610458507010231
169,20.0,6,USA,2914,232.0,16.0,amc gremlin,1/01/1975,100.0,-1.4644895474339714,444305.53,3,-29.655007279786176,3.4317089910775564
170,23.0,4,USA,2592,140.0,18.5,pontiac astro,1/01/1975,78.0,-1.5215403945080754,4780410.82,3,-28.543079333997063,2.3472222222222223
171,24.0,4,Japan,2702,134.0,13.5,toyota corona,1/01/1975,96.0,-1.4494141116464434,35733.96,3,-29.963450639370453,3.4108068097705404
172,25.0,4,Europe,2223,90.0,16.5,volkswagen dasher,1/01/1975,71.0,-1.4956811139799153,617245.78,3,-29.036569215454016,2.2676563202878994
173,24.0,4,Japan,2545,119.0,17.0,datsun 710,1/01/1975,97.0,-1.4189160524065327,1189493.47,3,-30.60748246287529,3.6970530451866406
174,18.0,6,USA,2984,171.0,14.5,ford pinto,1/01/1975,97.0,-1.4880270845343864,97639.57,3,-29.185925875747447,3.1531501340482575
175,29.0,4,Europe,1937,90.0,14.0,volkswagen rabbit,1/01/1975,70.0,-1.442031580704854,50308.55,3,-30.116849569339664,2.5296850800206503
176,19.0,6,USA,3211,232.0,17.0,amc pacer,1/01/1975,90.0,-1.5523977961271775,1145770.01,3,-27.975721363860593,2.52257863593896
177,23.0,4,Europe,2694,115.0,15.0,audi 100ls,1/01/1975,95.0,-1.452673986098119,159312.2,3,-29.896211129227034,3.35003711952487
178,23.0,4,Europe,2957,120.0,17.0,peugeot 504,1/01/1975,88.0,-1.526368652375949,1132967.71,3,-28.452790957625346,2.61887047683463
179,22.0,4,Europe,2945,121.0,14.5,volvo 244dl,1/01/1975,98.0,-1.4778592234306256,98141.58,3,-29.386728791061923,3.261120543293718
180,25.0,4,Europe,2671,121.0,13.5,saab 99le,1/01/1975,115.0,-1.3659760476677612,39110.6,3,-31.793711364467708,4.951329090228379
181,33.0,4,Japan,1795,91.0,17.5,honda civic cvcc,1/01/1975,53.0,-1.529788583313549,1449644.03,3,-28.38918309630487,1.5649025069637883
182,28.0,4,Europe,2464,107.0,15.5,fiat 131,1/01/1976,86.0,-1.4571422522488202,249910.04,3,-29.804535640429165,3.0016233766233764
183,25.0,4,Europe,2220,116.0,16.9,opel 1900,1/01/1976,81.0,-1.4378679555719889,983533.73,3,-30.20405873990619,2.9554054054054055
184,25.0,4,USA,2572,140.0,14.9,capri ii,1/01/1976,92.0,-1.446483136906629,141857.3,3,-30.02416487426259,3.2908242612752723
185,26.0,4,USA,2255,98.0,17.7,dodge colt,1/01/1976,79.0,-1.455519454923538,2161702.28,3,-29.837765509363557,2.7676274944567627
186,27.0,4,Europe,2202,101.0,15.3,renault 12tl,1/01/1976,83.0,-1.423739222259659,201008.59,3,-30.50379417193902,3.128519527702089
187,17.5,8,USA,4215,305.0,13.0,chevrolet chevelle malibu classic,1/01/1976,140.0,-1.4786695432825232,26173.53,3,-29.370624685969677,4.65005931198102
188,16.0,8,USA,4190,318.0,13.0,dodge coronet brougham,1/01/1976,150.0,-1.446122763910614,27092.18,3,-30.031646879607234,5.369928400954654
189,15.5,8,USA,3962,304.0,13.9,amc matador,1/01/1976,120.0,-1.5187332251549035,59601.05,3,-28.595837287944754,3.6345280161534577
190,14.5,8,USA,4215,351.0,12.8,ford gran torino,1/01/1976,152.0,-1.4429539910159885,22328.58,3,-30.09759733208567,5.481376037959667
191,22.0,6,USA,3233,225.0,15.4,plymouth valiant,1/01/1976,100.0,-1.509605704611556,243840.04,3,-28.768736139282293,3.093102381688834
192,22.0,6,USA,3353,250.0,14.5,chevrolet nova,1/01/1976,105.0,-1.504244254358882,101586.18,3,-28.871274106235546,3.288100208768267
193,24.0,6,USA,3012,200.0,17.6,ford maverick,1/01/1976,81.0,-1.5703699486500131,1980593.71,3,-27.655552265031442,2.1782868525896415
194,22.5,6,USA,3085,232.0,17.6,amc hornet,1/01/1976,90.0,-1.5350126589299355,2087729.08,3,-28.292566799155942,2.625607779578606
195,29.0,4,USA,2035,85.0,22.2,chevrolet chevette,1/01/1976,52.0,-1.5925610699264396,157873477.16,3,-27.27019328202666,1.3287469287469287
196,24.5,4,USA,2164,98.0,22.1,chevrolet woody,1/01/1976,60.0,-1.5571060060508881,153445331.44,3,-27.891131381909172,1.6635859519408502
197,29.0,4,Europe,1937,90.0,14.2,vw rabbit,1/01/1976,70.0,-1.442031580704854,61447.0,3,-30.116849569339664,2.5296850800206503
198,33.0,4,Japan,1795,91.0,17.4,honda civic,1/01/1976,53.0,-1.529788583313549,1311692.16,3,-28.38918309630487,1.5649025069637883
199,20.0,6,USA,3651,225.0,17.7,dodge aspen se,1/01/1976,100.0,-1.5624118329497274,2432105.08,3,-27.79641530769345,2.7389756231169544
200,18.0,6,USA,3574,250.0,21.0,ford granada ghia,1/01/1976,78.0,-1.661059945479145,58237325.97,3,-26.145623647434128,1.70229434806939
201,18.5,6,USA,3645,250.0,16.2,pontiac ventura sj,1/01/1976,110.0,-1.5203048474957683,569163.39,3,-28.566276205631887,3.319615912208505
202,17.5,6,USA,3193,258.0,17.8,amc pacer d/l,1/01/1976,95.0,-1.526475313250597,2619832.86,3,-28.45080284845425,2.82649545881616
203,29.5,4,Europe,1825,97.0,12.2,volkswagen rabbit,1/01/1976,71.0,-1.4100045200734184,8375.14,3,-30.800928346005467,2.762191780821918
204,32.0,4,Japan,1990,85.0,17.0,datsun b-210,1/01/1976,70.0,-1.45375503639545,1010474.17,3,-29.873979524093304,2.4623115577889445
205,28.0,4,Japan,2155,97.0,16.4,toyota corolla,1/01/1976,75.0,-1.4583860111050504,574024.12,3,-29.779117366476765,2.6102088167053363
206,26.5,4,USA,2565,140.0,13.6,ford pinto,1/01/1976,72.0,-1.5517548730165667,34201.19,3,-27.987312265306173,2.0210526315789474
207,20.0,4,Europe,3150,130.0,15.7,volvo 245,1/01/1976,102.0,-1.489710382027683,332424.83,3,-29.152947253554238,3.302857142857143
208,13.0,8,USA,3940,318.0,13.2,plymouth volare premier v8,1/01/1976,150.0,-1.4194049627698928,33090.46,3,-30.59693979481017,5.710659898477157
209,19.0,4,Europe,3270,120.0,21.9,peugeot 504,1/01/1976,88.0,-1.5700650805101175,152145984.26,3,-27.660922295154073,2.3681957186544342
210,19.0,6,Japan,2930,156.0,15.5,toyota mark ii,1/01/1976,108.0,-1.4334438648671597,280056.95,3,-30.297278641148516,3.980887372013652
211,16.5,6,Europe,3820,168.0,16.7,mercedes-benz 280s,1/01/1976,120.0,-1.502882116864084,980118.25,3,-28.89744159105781,3.769633507853403
212,16.5,8,USA,4380,350.0,12.1,cadillac seville,1/01/1976,180.0,-1.3862016054007935,12066.17,3,-31.32982101674049,7.397260273972603
213,13.0,8,USA,4055,350.0,12.0,chevy c10,1/01/1976,145.0,-1.4466228563122,9799.14,3,-30.021265045567997,5.184956843403206
214,13.0,8,USA,3870,302.0,15.0,ford f108,1/01/1976,130.0,-1.4737676127120747,186362.66,3,-29.468314960731774,4.366925064599483
215,13.0,8,USA,3755,318.0,14.0,dodge d100,1/01/1976,150.0,-1.398518682284506,73644.17,3,-31.053892050539062,5.9920106524633825
216,31.5,4,Japan,2045,98.0,18.5,honda Accelerationord cvcc,1/01/1977,68.0,-1.4781843996371242,4463467.49,3,-29.380264195039917,2.261124694376528
217,30.0,4,USA,2155,111.0,14.8,buick opel isuzu deluxe,1/01/1977,80.0,-1.4303572875048067,119694.26,3,-30.362657337234864,2.9698375870069604
218,36.0,4,Europe,1825,79.0,18.6,renault 5 gtl,1/01/1977,58.0,-1.4978348752295563,4555765.53,3,-28.99481705796792,1.8432876712328767
219,25.5,4,USA,2300,122.0,15.5,plymouth arrow gs,1/01/1977,96.0,-1.3794566029780244,264040.22,3,-31.483011568880098,4.006956521739131
220,33.5,4,Japan,1945,85.0,16.8,datsun f-10 hatchback,1/01/1977,70.0,-1.4438215656474698,827306.28,3,-30.0795120558056,2.519280205655527
221,17.5,8,USA,3880,305.0,12.5,chevrolet caprice classic,1/01/1977,145.0,-1.4274637233592324,16156.04,3,-30.42420446813402,5.418814432989691
222,17.0,8,USA,4060,260.0,19.0,oldsmobile cutlass supreme,1/01/1977,110.0,-1.5671333484189691,9359690.82,3,-27.712669272298857,2.980295566502463
223,15.5,8,USA,4140,318.0,13.7,dodge monaco brougham,1/01/1977,145.0,-1.455632338885924,53639.96,3,-29.83545159732034,5.078502415458937
224,15.0,8,USA,4295,302.0,14.9,mercury cougar brougham,1/01/1977,130.0,-1.5190198158604242,168627.91,3,-28.590442163340228,3.9348079161816063
225,17.5,6,USA,3520,250.0,16.4,chevrolet concours,1/01/1977,110.0,-1.505149978319906,695177.73,3,-28.853900817779266,3.4375
226,20.5,6,USA,3425,231.0,16.9,buick skylark,1/01/1977,105.0,-1.5134712767585063,1119802.41,3,-28.695257622160288,3.218978102189781
227,19.0,6,USA,3630,225.0,17.7,plymouth volare custom,1/01/1977,100.0,-1.5599066250361124,2432105.08,3,-27.841056312790375,2.7548209366391183
228,18.5,6,USA,3525,250.0,19.0,ford granada,1/01/1977,98.0,-1.5559330456349227,8834423.17,3,-27.912157475004406,2.7245390070921984
229,16.0,8,USA,4220,400.0,11.1,pontiac grand prix lj,1/01/1977,180.0,-1.3700399458583679,4438.9,3,-31.699402868954625,7.677725118483412
230,15.5,8,USA,4165,350.0,11.4,chevrolet monte carlo landau,1/01/1977,170.0,-1.3891660843645326,5823.06,3,-31.26296321162475,6.938775510204081
231,15.5,8,USA,4325,400.0,12.2,chrysler cordoba,1/01/1977,190.0,-1.3572325108480041,13700.6,3,-31.99853219194572,8.346820809248555
232,16.0,8,USA,4335,351.0,14.5,ford thunderbird,1/01/1977,149.0,-1.463802833399955,121013.31,3,-29.668919337621574,5.121337946943483
233,29.0,4,Europe,1940,97.0,14.5,volkswagen rabbit custom,1/01/1977,78.0,-1.3957071272397457,87556.28,3,-31.116447958687793,3.136082474226804
234,24.5,4,USA,2740,151.0,16.0,pontiac sunbird coupe,1/01/1977,88.0,-1.4932678906702193,416795.53,3,-29.083494302440844,2.8262773722627736
235,26.0,4,Japan,2265,97.0,18.2,toyota corolla liftback,1/01/1977,75.0,-1.4800069429571505,3472643.54,3,-29.344084091626154,2.4834437086092715
236,25.5,4,USA,2755,140.0,15.8,ford mustang ii 2+2,1/01/1977,89.0,-1.4907315965428911,343176.72,3,-29.13297624538251,2.8751361161524502
237,30.5,4,USA,2051,98.0,17.0,chevrolet chevette,1/01/1977,63.0,-1.5126251109147846,958619.97,3,-28.711309812951946,1.9351535836177474
238,33.5,4,USA,2075,98.0,15.9,dodge colt m/m,1/01/1977,83.0,-1.3979400086720375,366261.54,3,-31.066746727980593,3.32
239,30.0,4,Japan,1985,97.0,16.4,subaru dl,1/01/1977,67.0,-1.4716857083983075,542546.43,3,-29.510001994645403,2.261460957178841
240,30.5,4,Europe,2190,97.0,14.1,volkswagen dasher,1/01/1977,78.0,-1.448349512149638,58690.73,3,-29.985475070770224,2.778082191780822
241,22.0,6,Japan,2815,146.0,14.5,datsun 810,1/01/1977,97.0,-1.4627066649211202,97639.57,3,-29.691153552422772,3.342451154529307
242,21.5,4,Europe,2600,121.0,12.8,bmw 320i,1/01/1977,110.0,-1.3735806628125928,18994.84,3,-31.61769043937871,4.653846153846154
243,21.5,3,Japan,2720,80.0,13.5,mazda rx-4,1/01/1977,110.0,-1.3931762188759735,38250.92,3,-31.172975537412224,4.448529411764706
244,43.1,4,Europe,1985,90.0,21.5,volkswagen rabbit custom diesel,1/01/1978,48.0,-1.6165192737235468,75322024.41,3,-26.86602559973707,1.160705289672544
245,36.1,4,USA,1800,98.0,14.4,ford fiesta,1/01/1978,66.0,-1.4357285695614375,72875.66,3,-30.249065952341738,2.42
246,32.8,4,Japan,1985,78.0,19.4,mazda glc deluxe,1/01/1978,52.0,-1.5817571674643347,9600296.03,3,-27.45645733974803,1.3622166246851386
247,39.4,4,Japan,2070,85.0,18.6,datsun b210 gx,1/01/1978,70.0,-1.470872305442661,5004911.33,3,-29.526321237828345,2.367149758454106
248,36.1,4,Japan,1800,91.0,16.4,honda civic cvcc,1/01/1978,60.0,-1.4771212547196624,513422.78,3,-29.401410379520605,2.0
249,19.9,8,USA,3365,260.0,15.5,oldsmobile cutlass salon brougham,1/01/1978,110.0,-1.4855923834017706,282638.17,3,-29.23375797799841,3.5958395245170878
250,19.4,8,USA,3735,318.0,13.2,dodge diplomat,1/01/1978,140.0,-1.4261625704731795,31968.42,3,-30.451961851667402,5.247657295850067
251,20.2,8,USA,3570,302.0,12.8,mercury monarch ghia,1/01/1978,139.0,-1.409653415858098,21352.4,3,-30.808599973411464,5.412044817927171
252,19.2,6,USA,3535,231.0,19.2,pontiac phoenix lj,1/01/1978,105.0,-1.5272001190629803,11169113.56,3,-28.437300160093947,3.118811881188119
253,20.5,6,USA,3155,200.0,18.2,chevrolet malibu,1/01/1978,95.0,-1.5212757582913052,3908331.36,3,-28.54804459587595,2.86053882725832
254,20.2,6,USA,2965,200.0,15.8,ford fairmont (auto),1/01/1978,85.0,-1.5426057719859887,335376.23,3,-28.1533033124938,2.436762225969646
255,25.1,4,USA,2720,140.0,15.4,ford fairmont (man),1/01/1978,88.0,-1.49008623188403,228742.24,3,-29.145593899900685,2.847058823529412
256,20.5,6,USA,3430,225.0,17.2,plymouth volare,1/01/1978,100.0,-1.5352941200427705,1475146.3,3,-28.2873800031979,2.9154518950437316
257,19.4,6,USA,3210,232.0,17.2,amc concord,1/01/1978,90.0,-1.5522625229655471,1399446.65,3,-27.978159330520093,2.5233644859813085
258,20.6,6,USA,3380,231.0,15.8,buick century special,1/01/1978,105.0,-1.5077274012077166,372749.84,3,-28.804575784413956,3.2618343195266273
259,20.8,6,USA,3070,200.0,16.7,mercury zephyr,1/01/1978,85.0,-1.5577194497628937,824892.42,3,-27.88014760741142,2.3534201954397393
260,18.6,6,USA,3620,225.0,18.7,dodge aspen,1/01/1978,110.0,-1.5173158853749407,6933829.5,3,-28.622548942465876,3.342541436464088
261,18.1,6,USA,3410,258.0,15.1,amc concord d/l,1/01/1978,120.0,-1.453573132944873,197882.46,3,-29.87771802189209,4.222873900293255
262,19.2,8,USA,3425,305.0,13.2,chevrolet monte carlo landau,1/01/1978,145.0,-1.3732925735934696,32534.28,3,-31.624323196246625,6.138686131386861
263,17.7,6,USA,3445,231.0,13.4,buick regal sport coupe (turbo),1/01/1978,165.0,-1.3197052820297384,42389.47,3,-32.90844462146097,7.902757619738752
264,18.1,8,USA,3205,302.0,11.2,ford futura,1/01/1978,139.0,-1.3628132336007412,4310.98,3,-31.867498142484695,6.0283931357254295
265,17.5,8,USA,4080,318.0,13.7,dodge magnum xe,1/01/1978,140.0,-1.4645321274116418,52707.02,3,-29.654145086650114,4.803921568627451
266,30.0,4,USA,2155,98.0,16.5,chevrolet chevette,1/01/1978,68.0,-1.500938361790514,604064.64,3,-28.93486454601433,2.145707656612529
267,27.5,4,Japan,2560,134.0,14.2,toyota corona,1/01/1978,95.0,-1.4305163600230018,71583.59,3,-30.359281028863492,3.525390625
268,27.2,4,Japan,2300,119.0,14.7,datsun 510,1/01/1978,97.0,-1.374956101751348,119257.24,3,-31.58606164590055,4.090869565217392
269,30.9,4,USA,2230,105.0,14.5,dodge omni,1/01/1978,75.0,-1.4732435996564606,85855.99,3,-29.478796446461608,2.522421524663677
270,21.1,4,Japan,2515,134.0,14.8,toyota celica gt liftback,1/01/1978,95.0,-1.4228143841030985,130433.8,3,-30.523621826962245,3.588469184890656
271,23.2,4,USA,2745,156.0,16.7,plymouth sapporo,1/01/1978,105.0,-1.4173530497161726,916816.67,3,-30.64123522295451,4.016393442622951
272,23.8,4,USA,2855,151.0,17.6,oldsmobile starfire sx,1/01/1978,85.0,-1.526187186867574,2028907.97,3,-28.456174028994464,2.530647985989492
273,23.9,4,Japan,2405,119.0,14.9,datsun 200-sx,1/01/1978,97.0,-1.3943433464436057,145661.12,3,-31.146882366596273,3.912266112266112
274,20.3,5,Europe,2830,131.0,15.9,audi 5000,1/01/1978,103.0,-1.438949210819118,408010.07,3,-30.181362805434308,3.748763250883392
275,17.0,6,Europe,3140,163.0,13.6,volvo 264gl,1/01/1978,125.0,-1.4000196350651586,45064.02,3,-31.020599356311116,4.976114649681529
276,21.6,4,Europe,2795,121.0,15.7,saab 99gle,1/01/1978,115.0,-1.3856839718688305,352973.65,3,-31.341524526514647,4.731663685152057
277,16.2,6,Europe,3410,163.0,15.8,peugeot 604sl,1/01/1978,133.0,-1.408902738025412,419516.11,3,-30.825015111541266,5.187390029325513
278,31.5,4,Europe,1990,89.0,14.9,volkswagen scirocco,1/01/1978,71.0,-1.4475947276906314,124619.77,3,-30.00110967494943,2.533165829145729
279,29.5,4,Japan,2135,98.0,16.6,honda Accelerationord lx,1/01/1978,68.0,-1.4968889666548062,667594.67,3,-29.0131393562074,2.165807962529274
280,21.5,6,USA,3245,231.0,15.4,pontiac lemans v6,1/01/1979,115.0,-1.4505168607827763,261489.31,3,-29.940671056307703,4.075500770416024
281,19.8,6,USA,2990,200.0,18.2,mercury zephyr 6,1/01/1979,85.0,-1.546252262610137,3696911.36,3,-28.08691003433974,2.4163879598662206
282,22.3,4,USA,2890,140.0,17.3,ford fairmont 4,1/01/1979,88.0,-1.5164151706063793,1529346.44,3,-28.63955006000023,2.6795847750865054
283,20.2,6,USA,3265,232.0,18.2,amc concord dl 6,1/01/1979,90.0,-1.5596406761717678,3804090.41,3,-27.845803750723775,2.4808575803981623
284,20.6,6,USA,3360,225.0,16.6,dodge aspen 6,1/01/1979,110.0,-1.484946592231619,849092.0,3,-29.246471501078165,3.6011904761904763
285,17.0,8,USA,3840,305.0,15.4,chevrolet caprice classic,1/01/1979,130.0,-1.470387872060694,278020.42,3,-29.536048967447226,4.401041666666667
286,17.6,8,USA,3725,302.0,13.4,ford ltd landau,1/01/1979,129.0,-1.4605365667850627,37480.98,3,-29.735269337297186,4.467382550335571
287,16.5,8,USA,3955,351.0,13.2,mercury grand marquis,1/01/1979,138.0,-1.457267401432459,31739.25,3,-29.801976046149854,4.815170670037927
288,18.2,8,USA,3830,318.0,15.2,dodge st. regis,1/01/1979,135.0,-1.4528650054736165,231959.95,3,-29.89228044361059,4.758485639686684
289,16.9,8,USA,4360,350.0,14.9,buick estate wagon (sw),1/01/1979,155.0,-1.4491547910982945,184129.61,3,-29.968812480970787,5.510321100917431
290,15.5,8,USA,4054,351.0,14.3,ford country squire (sw),1/01/1979,142.0,-1.4555953999739335,96722.0,3,-29.83620873705901,4.973852984706463
291,19.2,8,USA,3605,267.0,15.0,chevrolet malibu classic (sw),1/01/1979,125.0,-1.4599952560473914,182743.63,3,-29.7462940447496,4.334257975034674
292,18.5,8,USA,3940,360.0,13.0,chrysler lebaron town @ country (sw),1/01/1979,150.0,-1.4194049627698928,27092.18,3,-30.59693979481017,5.710659898477157
293,31.9,4,Europe,1925,89.0,14.0,vw rabbit custom,1/01/1979,71.0,-1.433172385125444,50666.62,3,-30.30301772561983,2.6187012987012985
294,34.1,4,Japan,1975,86.0,15.2,maxda glc deluxe,1/01/1979,65.0,-1.4826537433196234,160954.38,3,-29.29169968780962,2.1392405063291138
295,35.7,4,USA,1915,98.0,14.4,dodge colt hatchback custom,1/01/1979,80.0,-1.379078791312698,80233.46,3,-31.491636637371656,3.342036553524804
296,27.4,4,USA,2670,121.0,15.0,amc spirit dl,1/01/1979,80.0,-1.5234212743726316,146194.9,3,-28.507838849900597,2.397003745318352
297,25.4,5,Europe,3530,183.0,20.1,mercedes benz 300d,1/01/1979,77.0,-1.6612839802153407,23525261.15,3,-26.142097743394675,1.6796033994334278
298,23.0,8,USA,3900,350.0,17.4,cadillac eldorado,1/01/1979,125.0,-1.4941545940184429,2014415.23,3,-29.066234755216446,4.006410256410256
299,27.2,4,Europe,3190,141.0,24.8,peugeot 504,1/01/1979,71.0,-1.6525323343381058,2483718258.23,3,-26.2805436770592,1.5802507836990596
300,23.9,8,USA,3420,260.0,22.2,oldsmobile cutlass salon brougham,1/01/1979,90.0,-1.5797835966168101,207696298.77,3,-27.490757774249357,2.3684210526315788
301,34.2,4,USA,2200,105.0,13.2,plymouth horizon,1/01/1979,70.0,-1.4973246408079495,22605.09,3,-29.00469744950624,2.227272727272727
302,34.5,4,USA,2150,105.0,14.9,plymouth horizon tc3,1/01/1979,70.0,-1.4873404199013485,123739.06,3,-29.19940022419733,2.2790697674418605
303,31.8,4,Japan,2020,85.0,19.2,datsun 210,1/01/1979,65.0,-1.4924380128037682,8787811.55,3,-29.099666329683245,2.0915841584158414
304,37.3,4,Europe,2130,91.0,14.7,fiat strada custom,1/01/1979,69.0,-1.4895305127014824,100582.73,3,-29.15646763862493,2.2352112676056337
305,28.4,4,USA,2670,151.0,16.0,buick skylark limited,1/01/1979,90.0,-1.4722687519252504,421505.23,3,-29.498315530730068,3.033707865168539
306,28.8,6,USA,2595,173.0,11.3,chevrolet citation,1/01/1979,115.0,-1.353439521830865,4333.58,3,-32.08820748161396,5.096339113680155
307,26.8,6,USA,2700,173.0,12.9,oldsmobile omega brougham,1/01/1979,115.0,-1.3706659238053756,21464.35,3,-31.684925871471393,4.898148148148148
308,33.5,4,USA,2556,151.0,13.2,pontiac phoenix,1/01/1979,90.0,-1.4533183400470377,25631.76,3,-29.88295612434063,3.1690140845070425
309,41.5,4,Europe,2144,98.0,14.7,vw rabbit,1/01/1980,76.0,-1.4504111887399411,105561.53,3,-29.942852432112677,2.6940298507462686
310,38.1,4,Japan,1968,89.0,18.8,toyota corolla tercel,1/01/1980,60.0,-1.515873843711679,5659549.85,3,-28.649777400991628,1.829268292682927
311,32.1,4,USA,2120,98.0,15.5,chevrolet chevette,1/01/1980,70.0,-1.4812378209144945,225467.26,3,-29.31969976537088,2.311320754716981
312,37.2,4,Japan,2019,86.0,16.4,datsun 310,1/01/1980,65.0,-1.4922229623007837,534387.37,3,-29.10386000451534,2.092620108964834
313,28.0,4,USA,2678,151.0,16.5,chevrolet citation,1/01/1980,90.0,-1.4735680632366652,694944.64,3,-29.472305537711772,3.0246452576549663
314,26.4,4,USA,2870,140.0,18.1,ford fairmont,1/01/1980,88.0,-1.5133992245838237,3403623.1,3,-28.69662378891996,2.698257839721254
315,24.3,4,USA,3003,151.0,20.1,amc concord,1/01/1980,90.0,-1.5233128227596562,25433746.91,3,-28.509868453445925,2.6973026973026974
316,19.1,6,USA,3381,225.0,18.7,dodge aspen,1/01/1980,90.0,-1.574802661326444,6271884.77,3,-27.577708151537472,2.3957409050576755
317,34.3,4,Europe,2188,97.0,15.8,audi 4000,1/01/1980,78.0,-1.4479527149709128,321269.96,3,-29.99369229484653,2.7806215722120657
318,29.8,4,Japan,2711,134.0,15.5,toyota corona liftback,1/01/1980,90.0,-1.4788870081411607,255655.85,3,-29.36630584436091,2.987827369974179
319,31.3,4,Japan,2542,120.0,17.5,mazda 626,1/01/1980,75.0,-1.5301142828262893,1724463.75,3,-28.383140186173684,2.2128245476003148
320,37.0,4,Japan,2434,119.0,15.0,datsun 510 hatchback,1/01/1980,92.0,-1.422532746548491,156776.57,3,-30.529664990629286,3.4774034511092853
321,32.2,4,Japan,2265,108.0,15.2,toyota corolla,1/01/1980,75.0,-1.4800069429571505,172892.74,3,-29.344084091626154,2.4834437086092715
322,46.6,4,Japan,2110,86.0,17.9,mazda glc,1/01/1980,65.0,-1.5113690986548372,2394958.04,3,-28.73517013744602,2.0023696682464456
323,27.9,4,USA,2800,156.0,14.4,dodge colt,1/01/1980,105.0,-1.4259687322722812,91918.98,3,-30.456101320763434,3.9375
324,40.8,4,Japan,2110,85.0,19.2,datsun 210,1/01/1980,65.0,-1.5113690986548372,8787811.55,3,-28.73517013744602,2.0023696682464456
325,44.3,4,Europe,2085,90.0,21.7,vw rabbit c (diesel),1/01/1980,48.0,-1.6378648219341891,91998528.37,3,-26.51589289220977,1.1050359712230216
326,43.4,4,Europe,2335,90.0,23.7,vw dasher (diesel),1/01/1980,48.0,-1.6870456475265438,679782287.14,3,-25.742900468638247,0.9867237687366167
327,36.4,5,Europe,2950,121.0,19.9,audi 5000s (diesel),1/01/1980,67.0,-1.6437472132773365,17966670.19,3,-26.42100186666456,1.5216949152542374
328,30.0,4,Europe,3250,146.0,21.8,mercedes-benz 240d,1/01/1980,67.0,-1.685808558278048,120123260.35,3,-25.76179126453466,1.3812307692307693
329,44.6,4,Japan,1850,91.0,13.8,honda civic 1500 gl,1/01/1980,67.0,-1.4410969257021875,40296.86,3,-30.13638251234475,2.4264864864864863
330,33.8,4,Japan,2145,97.0,18.0,subaru dl,1/01/1980,67.0,-1.5053524938199165,2687250.05,3,-28.85001909427905,2.092773892773893
331,29.8,4,Europe,1845,89.0,15.3,vokswagen rabbit,1/01/1980,62.0,-1.4736046809968253,173728.64,3,-29.471573177242604,2.0834688346883468
332,32.7,6,Japan,2910,168.0,11.4,datsun 280-zx,1/01/1980,132.0,-1.3433190577800573,5131.14,3,-32.32995760671768,5.9876288659793815
333,23.7,3,Japan,2420,70.0,12.5,mazda rx-7 gs,1/01/1980,100.0,-1.3838153659804313,13416.86,3,-31.38384589302163,4.132231404958677
334,35.0,4,Europe,2500,122.0,15.1,triumph tr7 coupe,1/01/1980,88.0,-1.453457336521869,169456.42,3,-29.880098368936014,3.0976
335,32.4,4,Japan,2290,107.0,17.0,honda Accelerationord,1/01/1980,72.0,-1.5025029859086194,1024807.85,3,-28.90473336667732,2.2637554585152837
336,27.2,4,USA,2490,135.0,15.7,plymouth reliant,1/01/1982,84.0,-1.4719200610338548,301670.62,3,-29.505303541974275,2.833734939759036
337,26.6,4,USA,2635,151.0,16.4,buick skylark,1/01/1982,84.0,-1.4965013334866837,607490.02,3,-29.020654521663097,2.677798861480076
338,25.8,4,USA,2620,156.0,14.4,dodge aries wagon (sw),1/01/1982,92.0,-1.4545134639741901,86040.8,3,-29.858402322149853,3.230534351145038
339,23.5,6,USA,2725,173.0,12.6,chevrolet citation,1/01/1982,110.0,-1.3939738214544362,15551.66,3,-31.155139014742772,4.440366972477064
340,30.0,4,USA,2385,135.0,12.9,plymouth reliant,1/01/1982,84.0,-1.453209097314251,18344.61,3,-29.885202529071236,2.9584905660377356
341,39.1,4,Japan,1755,79.0,16.9,toyota starlet,1/01/1982,58.0,-1.4808491272389055,832263.3,3,-29.327395608019092,1.9168091168091168
342,39.0,4,USA,1875,86.0,16.4,plymouth champ,1/01/1982,64.0,-1.4668212980798505,530260.77,3,-29.6078658301299,2.1845333333333334
343,35.1,4,Japan,1760,81.0,16.1,honda civic 1300,1/01/1982,60.0,-1.4673614174305063,380352.95,3,-29.596967505370564,2.0454545454545454
344,32.3,4,Japan,2065,97.0,17.8,subaru,1/01/1982,67.0,-1.4888452532915935,2200134.26,3,-29.169887262836603,2.173849878934625
345,37.0,4,Japan,1975,85.0,19.4,datsun 210,1/01/1982,65.0,-1.4826537433196234,10733457.27,3,-29.29169968780962,2.1392405063291138
346,37.7,4,Japan,2050,89.0,17.3,toyota tercel,1/01/1982,62.0,-1.5193621715575005,1283690.67,3,-28.583999920049074,1.875121951219512
347,34.1,4,Japan,1985,91.0,16.0,mazda glc 4,1/01/1982,68.0,-1.4652515983928975,366383.72,3,-29.639584244752935,2.329471032745592
348,34.7,4,USA,2215,105.0,14.9,plymouth horizon 4,1/01/1982,63.0,-1.5460331811055066,117389.18,3,-28.090890105780602,1.7918735891647855
349,34.4,4,USA,2045,98.0,16.2,ford escort 4w,1/01/1982,65.0,-1.497779955700505,437519.37,3,-28.99588021927655,2.06601466992665
350,29.9,4,USA,2380,98.0,20.7,ford escort 2h,1/01/1982,65.0,-1.5636636004136564,39384238.98,3,-27.774163303946082,1.7752100840336134
351,33.0,4,Europe,2190,105.0,14.2,volkswagen jetta,1/01/1982,74.0,-1.471212395109142,63178.24,3,-29.51949584893442,2.5004566210045662
352,33.7,4,Japan,2210,107.0,14.4,honda prelude,1/01/1982,75.0,-1.4693310102934107,77685.72,3,-29.557293684050645,2.5452488687782804
353,32.4,4,Japan,2350,108.0,16.8,toyota corolla,1/01/1982,75.0,-1.4960065988800362,856343.35,3,-29.030251753460185,2.393617021276596
354,32.9,4,Japan,2615,119.0,14.8,datsun 200sx,1/01/1982,100.0,-1.4174716932032931,133822.25,3,-30.63867052764951,3.8240917782026767
355,31.6,4,Japan,2635,120.0,18.3,mazda 626,1/01/1982,74.0,-1.5515488998175893,3812193.03,3,-27.99102767268956,2.078178368121442
356,28.1,4,Europe,3230,141.0,20.4,peugeot 505s turbo diesel,1/01/1982,80.0,-1.6061125353391592,32368489.16,3,-27.040102878690426,1.9814241486068112
357,30.7,6,Europe,3160,145.0,19.6,volvo diesel,1/01/1982,76.0,-1.6188734903376125,14175834.88,3,-26.826956182516813,1.8278481012658228
358,25.4,6,Japan,2900,168.0,12.6,toyota cressida,1/01/1982,116.0,-1.3979400086720375,15970.17,3,-31.066746727980593,4.64
359,24.2,6,Japan,2930,146.0,13.8,datsun 810 maxima,1/01/1982,120.0,-1.3876863743064847,53929.26,3,-31.296299361611624,4.914675767918089
360,22.4,6,USA,3415,231.0,15.8,buick century,1/01/1982,110.0,-1.4919980228593264,381521.63,3,-29.10824781596909,3.5431918008784775
361,26.6,8,USA,3725,350.0,19.0,oldsmobile cutlass ls,1/01/1982,105.0,-1.5499369780143737,9144496.75,3,-28.020138112946185,2.959731543624161
362,20.2,6,USA,3060,200.0,17.1,ford granada gl,1/01/1982,88.0,-1.5412387543314114,1252122.97,3,-28.17827417606356,2.530718954248366
363,17.6,6,USA,3465,225.0,16.6,chrysler lebaron salon,1/01/1982,85.0,-1.6102843132335327,746393.53,3,-26.970049843630804,2.085137085137085
364,28.0,4,USA,2605,112.0,19.6,chevrolet cavalier,1/01/1982,88.0,-1.4713250554853747,15253980.46,3,-29.51723552073832,2.9727447216890597
365,27.0,4,USA,2640,112.0,18.6,chevrolet cavalier wagon,1/01/1982,88.0,-1.4771212547196624,5611625.81,3,-29.401410379520605,2.933333333333333
366,34.0,4,USA,2395,112.0,18.0,chevrolet cavalier 2-door,1/01/1982,88.0,-1.4348228456004135,3079725.54,3,-30.268160507405202,3.233402922755741
367,31.0,4,USA,2575,112.0,16.2,pontiac j2000 se hatchback,1/01/1982,85.0,-1.481358307662917,500322.55,3,-29.31731503827874,2.8058252427184467
368,29.0,4,USA,2525,135.0,16.0,dodge aries se,1/01/1982,84.0,-1.4779820963927985,407212.74,3,-29.3842857070598,2.7944554455445543
369,27.0,4,USA,2735,151.0,18.0,pontiac phoenix,1/01/1982,90.0,-1.4827148212301247,3114525.8,3,-29.290493066154298,2.9616087751371114
370,24.0,4,USA,2865,140.0,16.4,ford fairmont futura,1/01/1982,92.0,-1.4933367989578534,635760.32,3,-29.08215227846327,2.9542757417102967
371,36.0,4,Europe,1980,105.0,15.3,volkswagen rabbit l,1/01/1982,74.0,-1.427433470530555,189797.92,3,-30.424849274539657,2.7656565656565655
372,37.0,4,Japan,2025,91.0,18.2,mazda glc custom l,1/01/1982,68.0,-1.473916114844451,3306618.04,3,-29.465345926357884,2.2834567901234566
373,31.0,4,Japan,1970,91.0,17.6,mazda glc custom,1/01/1982,68.0,-1.4619573134553565,1814710.46,3,-29.70637226587627,2.347208121827411
374,38.0,4,USA,2125,105.0,14.7,plymouth horizon miser,1/01/1982,63.0,-1.5280183849327487,96110.13,3,-28.422071762072814,1.867764705882353
375,36.0,4,USA,2125,98.0,17.3,mercury lynx l,1/01/1982,70.0,-1.4822608943720734,1363997.46,3,-29.299462972557937,2.3058823529411763
376,36.0,4,Japan,2160,120.0,14.5,nissan stanza xe,1/01/1982,88.0,-1.3899710790007622,92999.65,3,-31.244857426491368,3.585185185185185
377,36.0,4,Japan,2205,107.0,14.5,honda Accelerationord,1/01/1982,75.0,-1.4683473304121573,85855.99,3,-29.577094799589936,2.5510204081632653
378,34.0,4,Japan,2245,108.0,16.9,toyota corolla,1/01/1982,70.0,-1.506118305325085,914314.84,3,-28.835349810685184,2.1826280623608016
379,38.0,4,Japan,1965,91.0,15.0,honda civic,1/01/1982,67.0,-1.4672877520106191,133790.3,3,-29.59845342593092,2.2844783715012724
380,32.0,4,Japan,1965,91.0,15.7,honda civic (auto),1/01/1982,67.0,-1.4672877520106191,269420.58,3,-29.59845342593092,2.2844783715012724
381,38.0,4,Japan,1995,91.0,16.2,datsun 310 gx,1/01/1982,67.0,-1.4738680973219405,444199.45,3,-29.466305885335125,2.250125313283208
382,25.0,6,USA,2945,181.0,16.4,buick century limited,1/01/1982,110.0,-1.4276926139648953,695177.73,3,-30.419326797324903,4.108658743633277
383,38.0,6,USA,3015,262.0,17.0,oldsmobile cutlass ciera (diesel),1/01/1982,85.0,-1.5498683907618773,1113488.3,3,-28.02137810487013,2.396351575456053
384,26.0,4,USA,2585,156.0,14.5,chrysler lebaron medallion,1/01/1982,92.0,-1.448672720084406,95089.79,3,-29.978785123940753,3.274274661508704
385,22.0,6,USA,2835,232.0,14.7,ford granada l,1/01/1982,112.0,-1.4033350405587437,128146.84,3,-30.947312605429968,4.424691358024691
386,32.0,4,Japan,2665,144.0,13.9,toyota celica gt,1/01/1982,96.0,-1.4434259803230227,53308.8,3,-30.087755646885444,3.4581613508442777
387,36.0,4,USA,2370,135.0,13.0,dodge charger 2.2,1/01/1982,84.0,-1.4504690599482222,20273.93,3,-29.941657764058405,2.9772151898734176
388,27.0,4,USA,2950,151.0,17.3,chevrolet camaro,1/01/1982,90.0,-1.515579506538838,1546627.74,3,-28.65534140766126,2.7457627118644066
389,27.0,4,USA,2790,140.0,15.6,ford mustang gl,1/01/1982,86.0,-1.5111057520300297,276193.31,3,-28.74017793392803,2.65089605734767
390,44.0,4,Europe,2130,97.0,24.6,vw pickup,1/01/1982,52.0,-1.6123762598039386,1740267184.58,3,-26.935058071126715,1.2694835680751173
391,32.0,4,USA,2295,135.0,11.6,dodge rampage,1/01/1982,84.0,-1.4365034038113984,4999.49,3,-30.232749936475006,3.074509803921569
392,28.0,4,USA,2625,120.0,18.6,ford ranger,1/01/1982,79.0,-1.5215022164515342,5316929.64,3,-28.543795546753696,2.3775238095238094
393,31.0,4,USA,2720,119.0,19.4,chevy s-10,1/01/1982,82.0,-1.520755051650482,12055629.14,3,-28.557819448431893,2.472058823529412
